Type,Name,Request Count,Failure Count,Median Response Time,Average Response Time,Min Response Time,Max Response Time,Average Content Size,Requests/s,Failures/s,50%,66%,75%,80%,90%,95%,98%,99%,99.9%,99.99%,100%
GET,healthz,411,130,1800.0,1390.7451111338155,1.1460820001047978,3406.282146999729,102.89781021897811,3.3785931823826068,1.0686547778825763,1800,1900,2100,2300,2700,3000,3100,3200,3400,3400,3400
GET,healthz-warm,200,0,1200.0,1167.5591078100251,194.8694760003491,2193.312024000079,101.0,1.644084273665502,0.0,1200,1400,1600,1700,1800,1900,2000,2200,2200,2200,2200
POST,predict,3163,1099,4700.0,3629.100445,1.0350829998060362,8132.774157999847,267.52608283275373,26.001192788019914,9.034243083791933,4700,6100,6400,6600,6900,7100,7400,7500,7900,8100,8100
,Aggregated,3774,1229,2800.0,3254.88944615077,1.0350829998060362,8132.774157999847,240.7726550079491,31.02387024406802,10.10289786167451,2800,5800,6200,6400,6800,7000,7400,7500,7900,8100,8100
