{
  "best_model": "GRU",
  "best_score": 0.021878187139428608,
  "all_scores": {
    "GRU": 0.021878187139428608,
    "LSTM": 0.021956137879689128,
    "PROPHET": 3093514550740907.5
  },
  "all_metrics": {
    "GRU": {
      "model_type": "GRU",
      "mse": 0.0011252688709646463,
      "rmse": 0.03354502751473974,
      "mae": 0.016268732026219368,
      "num_epochs": 10,
      "train_samples": 12729
    },
    "LSTM": {
      "model_type": "LSTM",
      "mse": 0.0011305969674140215,
      "rmse": 0.0336243508102985,
      "mae": 0.01639281027019024,
      "num_epochs": 10,
      "train_samples": 12729
    },
    "PROPHET": {
      "model_type": "PROPHET",
      "mse": 1.5467572324314434e+16,
      "rmse": 124368695.11382048,
      "mae": 78978910.19655009,
      "train_samples": 12741
    }
  },
  "timestamp": "2025-12-09T15:25:28.020917"
}