Type,Name,Request Count,Failure Count,Median Response Time,Average Response Time,Min Response Time,Max Response Time,Average Content Size,Requests/s,Failures/s,50%,66%,75%,80%,90%,95%,98%,99%,99.9%,99.99%,100%
GET,healthz,420,155,1700.0,1388.0778979523693,1.1071449998780736,3391.222670999923,103.21428571428571,3.4427976322074896,1.2705562690289545,1800,2100,2400,2500,2800,3100,3200,3200,3400,3400,3400
GET,healthz-warm,200,0,1500.0,1543.824699020013,338.4179730001051,3199.1731309999523,101.0,1.6394274439083283,0.0,1500,1800,1900,2100,2700,2900,3100,3200,3200,3200,3200
POST,predict,3211,1188,4000.0,3464.870234462162,1.0190829998464324,8390.752191000047,261.98536281532233,26.32100761194821,9.73819901681547,4000,6000,6400,6700,7000,7200,7400,7600,8100,8400,8400
,Aggregated,3831,1343,2500.0,3136.897932602977,1.0190829998464324,8390.752191000047,236.17462803445576,31.40323268806403,11.008755285844424,2500,5500,6200,6500,6900,7200,7400,7500,8100,8400,8400
