Type,Name,Request Count,Failure Count,Median Response Time,Average Response Time,Min Response Time,Max Response Time,Average Content Size,Requests/s,Failures/s,50%,66%,75%,80%,90%,95%,98%,99%,99.9%,99.99%,100%
GET,download_processed,12,0,11,13.931924166778723,8.25578800868243,33.03508801036514,16269.0,0.629691337740136,0.0,11,13,14,14,24,33,33,33,33,33,33
GET,healthz,6,0,6,14.618746844159128,3.093081002589315,57.01512302039191,101.0,0.314845668870068,0.0,7,7,11,11,57,57,57,57,57,57,57
GET,healthz-warm,40,0,90,95.3975533528137,27.382505999412388,192.59221298852935,101.0,2.0989711258004533,0.0,94,110,140,140,160,180,190,190,190,190,190
POST,predict,79,0,52,157.6398936084831,28.558969002915546,1140.735875989776,354.0,4.145467973455895,0.0,52,82,130,430,470,520,640,1100,1100,1100,1100
,Aggregated,137,0,57,120.6156883229855,3.093081002589315,1140.735875989776,1663.065693430657,7.188976105866552,0.0,57,90,110,140,430,480,550,640,1100,1100,1100
