Type,Name,Request Count,Failure Count,Median Response Time,Average Response Time,Min Response Time,Max Response Time,Average Content Size,Requests/s,Failures/s,50%,66%,75%,80%,90%,95%,98%,99%,99.9%,99.99%,100%
GET,download_processed,48,0,13,16.02213125443086,8.087099995464087,44.90879992954433,16269.0,0.8010220662337777,0.0,13,15,16,17,22,44,45,45,45,45,45
GET,healthz,46,0,8,8.693402180063497,5.84950007032603,14.07550007570535,102.0,0.7676461468073703,0.0,8,9,9,10,10,12,14,14,14,14,14
GET,healthz-warm,16,0,35,34.64228750090115,14.127300004474819,52.10959992837161,102.0,0.26700735541125925,0.0,35,36,42,42,51,52,52,52,52,52,52
POST,predict,420,0,6,5.824472854978272,3.1393999233841896,24.457399966195226,74.0,7.008943079545555,0.0,6,6,6,7,7,9,10,11,24,24,24
,Aggregated,530,0,6,7.867007546416782,3.1393999233841896,52.10959992837161,1543.9924528301888,8.844618647997962,0.0,6,7,8,8,12,17,35,44,52,52,52
