Type,Name,Request Count,Failure Count,Median Response Time,Average Response Time,Min Response Time,Max Response Time,Average Content Size,Requests/s,Failures/s,50%,66%,75%,80%,90%,95%,98%,99%,99.9%,99.99%,100%
GET,download_processed,47,0,13,16.813489363251374,7.4466000078246,84.35790007933974,16269.0,0.7842491124687021,0.0,13,17,18,21,26,29,84,84,84,84,84
GET,healthz,47,0,8,8.91121702040843,6.095999968238175,16.923899995163083,102.0,0.7842491124687021,0.0,8,9,10,10,12,13,17,17,17,17,17
GET,healthz-warm,16,0,61,60.820787482953165,49.40020001959056,69.87860007211566,102.0,0.2669784212659411,0.0,62,65,66,66,68,70,70,70,70,70,70
POST,predict,418,0,5,5.705404548201728,3.1259000534191728,10.657500009983778,74.0,6.974811255572712,0.0,5,6,6,7,8,8,9,10,11,11,11
,Aggregated,528,0,6,8.649721403234059,3.1259000534191728,84.35790007933974,1518.941287878788,8.810287901776057,0.0,6,7,8,8,12,18,60,66,84,84,84
