Type,Name,Request Count,Failure Count,Median Response Time,Average Response Time,Min Response Time,Max Response Time,Average Content Size,Requests/s,Failures/s,50%,66%,75%,80%,90%,95%,98%,99%,99.9%,99.99%,100%
GET,healthz,9,0,18000.0,17810.402266655325,15318.416900001466,20187.53049999941,102.0,0.14322860438466617,0.0,18000,18000,19000,20000,20000,20000,20000,20000,20000,20000,20000
GET,healthz-warm,200,0,14000.0,14929.50636700145,8315.769199980423,22526.50569996331,101.0,3.1828578752148036,0.0,14000,18000,19000,22000,22000,22000,23000,23000,23000,23000,23000
POST,predict,33,0,20000.0,19918.14137879533,16466.364199994132,26403.01239991095,354.0,0.5251715494104426,0.0,20000,20000,20000,24000,24000,26000,26000,26000,26000,26000,26000
,Aggregated,242,0,15000.0,15716.915534299313,8315.769199980423,26403.01239991095,135.53719008264463,3.8512580290099123,0.0,16000,19000,19000,20000,22000,23000,24000,24000,26000,26000,26000
