{
  "model_type": "GRU",
  "num_predictions": 38,
  "predictions": [
    140832136.54314303,
    188668545.87361145,
    168418069.98760223,
    232331776.4648461,
    173029499.64683247,
    129793269.93745826,
    114560217.73399924,
    114072223.99832295,
    116357398.59993862,
    152711133.25919104
  ],
  "actuals": [
    218846128.0,
    168420776.0,
    291773672.0,
    158893776.0,
    83201432.0,
    78033672.0,
    96701288.00000001,
    110682512.0,
    183248191.0,
    362346304.0
  ],
  "metrics": {
    "mse": 9624164303001470.0,
    "rmse": 98102825.15300703,
    "mae": 77319027.07161811
  }
}