Type,Name,Request Count,Failure Count,Median Response Time,Average Response Time,Min Response Time,Max Response Time,Average Content Size,Requests/s,Failures/s,50%,66%,75%,80%,90%,95%,98%,99%,99.9%,99.99%,100%
GET,download_processed,8,2,2100.0,23615.59719275101,590.9363270038739,95120.44340999273,463.5,0.06380566877373774,0.015951417193434434,3500,3600,82000,82000,95000,95000,95000,95000,95000,95000,95000
GET,healthz,5,1,4300.0,17782.65146339545,3125.6618149927817,73033.4403609886,80.8,0.039878542983586084,0.007975708596717217,4300,4400,4400,73000,73000,73000,73000,73000,73000,73000,73000
GET,healthz-warm,200,0,8100.0,7165.226791820241,238.3912110090023,12390.069599990966,101.0,1.5951417193434434,0.0,8100,9200,10000,10000,11000,11000,12000,12000,12000,12000,12000
POST,predict,51,21,5300.0,32417.787314980404,2311.7068050050875,73101.90422800952,208.23529411764707,0.40676113843257805,0.16748988053106154,5300,73000,73000,73000,73000,73000,73000,73000,73000,73000,73000
,Aggregated,264,24,7800.0,12743.146008663012,238.3912110090023,95120.44340999273,132.3181818181818,2.105587069533345,0.1914170063212132,7900,9200,10000,11000,12000,73000,73000,73000,95000,95000,95000
