{
  "model_type": "GRU",
  "mse": 0.0011250263778492808,
  "rmse": 0.033541412877952544,
  "mae": 0.01623351313173771,
  "num_epochs": 10,
  "train_samples": 12729
}