{
  "model_type": "LSTM",
  "mse": 0.0011310154804959893,
  "rmse": 0.033630573597486994,
  "mae": 0.016245590522885323,
  "num_epochs": 10,
  "train_samples": 12729
}