{
  "model_type": "PROPHET",
  "mse": 1.5467572324314434e+16,
  "rmse": 124368695.11382048,
  "mae": 78978910.19655009,
  "train_samples": 12741
}