Type,Name,Request Count,Failure Count,Median Response Time,Average Response Time,Min Response Time,Max Response Time,Average Content Size,Requests/s,Failures/s,50%,66%,75%,80%,90%,95%,98%,99%,99.9%,99.99%,100%
GET,healthz,517,1,110.0,186.56706658800175,2.901099999917278,3016.678619000004,102.00967117988395,8.434957783028967,0.01631519880663243,110,180,240,300,450,620,840,930,3000,3000,3000
GET,healthz-warm,200,0,1100.0,1161.5641225900038,364.75268200001665,2224.092407000171,102.0,3.2630397613264863,0.0,1100,1300,1400,1500,1700,2000,2100,2200,2200,2200,2200
POST,predict,3902,3902,140.0,217.71197248282857,8.467487999951118,3006.5204429999994,48.01512045105074,63.66190574347974,63.66190574347974,140,200,260,300,470,830,1100,1200,1600,3000,3000
,Aggregated,4619,3903,140.0,255.09420103312289,2.901099999917278,3016.678619000004,56.396189651439705,75.3599032878352,63.67822094228638,140,220,280,340,660,1100,1300,1500,2100,3000,3000
