{
  "best_model": "GRU",
  "best_score": 0.021883331609623857,
  "all_scores": {
    "GRU": 0.021883331609623857,
    "LSTM": 0.0219230485714404,
    "PROPHET": 3093514550740907.5
  },
  "all_metrics": {
    "GRU": {
      "model_type": "GRU",
      "mse": 0.0011263873893767595,
      "rmse": 0.033561695269708286,
      "mae": 0.016257354989647865,
      "num_epochs": 10,
      "train_samples": 12729
    },
    "LSTM": {
      "model_type": "LSTM",
      "mse": 0.0011275878641754389,
      "rmse": 0.033579575104152805,
      "mae": 0.01635914482176304,
      "num_epochs": 10,
      "train_samples": 12729
    },
    "PROPHET": {
      "model_type": "PROPHET",
      "mse": 1.5467572324314434e+16,
      "rmse": 124368695.11382048,
      "mae": 78978910.19655009,
      "train_samples": 12741
    }
  },
  "timestamp": "2025-12-09T15:48:35.188924"
}