Type,Name,Request Count,Failure Count,Median Response Time,Average Response Time,Min Response Time,Max Response Time,Average Content Size,Requests/s,Failures/s,50%,66%,75%,80%,90%,95%,98%,99%,99.9%,99.99%,100%
GET,healthz,66,0,9,9.511542427141897,5.993500002659857,22.24929991643876,102.0,2.9631281885111864,0.0,9,10,10,10,13,15,18,22,22,22,22
GET,healthz-warm,100,0,220.0,219.21637899242342,85.86119988467544,354.5715000946075,102.0,4.489588164410889,0.0,230,270,290,300,340,350,350,350,350,350,350
POST,predict,448,0,6,7.306423659299201,3.1989000272005796,233.4226000821218,74.0,20.11335497656078,0.0,6,7,8,8,10,11,14,14,230,230,230
,Aggregated,614,0,7,42.05647801107451,3.1989000272005796,354.5715000946075,81.57003257328991,27.566071329482856,0.0,7,9,10,12,180,280,330,340,350,350,350
