Type,Name,Request Count,Failure Count,Median Response Time,Average Response Time,Min Response Time,Max Response Time,Average Content Size,Requests/s,Failures/s,50%,66%,75%,80%,90%,95%,98%,99%,99.9%,99.99%,100%
GET,healthz,41,1,5500.0,6009.55057880421,1522.214645985514,12113.2986349985,99.46341463414635,0.3453383716005282,0.008422887112208005,5500,8100,8700,8900,9700,11000,12000,12000,12000,12000,12000
GET,healthz-warm,200,0,3600.0,3142.135428099282,403.4985750040505,5084.451528004138,101.0,1.684577422441601,0.0,3700,4100,4300,4600,4800,4800,5000,5000,5100,5100,5100
POST,predict,287,257,7300.0,9206.646892770366,2.6059220253955573,41703.58953799587,68.602787456446,2.4173686012036977,2.1646819878374575,7300,9400,11000,11000,13000,35000,37000,41000,42000,42000,42000
,Aggregated,528,258,4600.0,6661.224086318036,2.6059220253955573,41703.58953799587,83.27083333333333,4.447284395245827,2.1731048749496655,4600,6200,8600,9400,12000,13000,37000,37000,42000,42000,42000
