Type,Name,Request Count,Failure Count,Median Response Time,Average Response Time,Min Response Time,Max Response Time,Average Content Size,Requests/s,Failures/s,50%,66%,75%,80%,90%,95%,98%,99%,99.9%,99.99%,100%
GET,download_processed,1,1,11830.333752004663,11830.333752004663,11830.333752004663,11830.333752004663,0.0,0.011768522774527763,0.011768522774527763,12000,12000,12000,12000,12000,12000,12000,12000,12000,12000,12000
GET,healthz,7,3,55,10161.426942862037,5.530546011868864,44187.945621000836,88.28571428571429,0.08237965942169434,0.03530556832358329,55,4500,22000,22000,44000,44000,44000,44000,44000,44000,44000
GET,healthz-warm,200,0,1900.0,1875.2008231836953,601.5519619977567,3176.0244090110064,101.0,2.3537045549055526,0.0,1900,2000,2200,2300,2400,2600,3100,3200,3200,3200,3200
POST,predict,24,19,21000.0,21960.333473627543,317.81836500158533,44928.064308012836,127.25,0.2824445465886663,0.2236019327160275,23000,26000,44000,44000,45000,45000,45000,45000,45000,45000,45000
,Aggregated,232,23,1900.0,4245.898665326892,5.530546011868864,44928.064308012836,102.89655172413794,2.730297283690441,0.2706760238141385,1900,2100,2300,2400,3200,24000,44000,45000,45000,45000,45000
