{
  "model_type": "GRU",
  "mse": 0.0011263873893767595,
  "rmse": 0.033561695269708286,
  "mae": 0.016257354989647865,
  "num_epochs": 10,
  "train_samples": 12729
}