{
  "model_type": "LSTM",
  "mse": 0.0011275878641754389,
  "rmse": 0.033579575104152805,
  "mae": 0.01635914482176304,
  "num_epochs": 10,
  "train_samples": 12729
}