{
  "best_model": "GRU",
  "best_score": 0.021865765654067438,
  "all_scores": {
    "GRU": 0.021865765654067438,
    "LSTM": 0.021915167051708293,
    "PROPHET": 3093514550740907.5
  },
  "all_metrics": {
    "GRU": {
      "model_type": "GRU",
      "mse": 0.0011250263778492808,
      "rmse": 0.033541412877952544,
      "mae": 0.01623351313173771,
      "num_epochs": 10,
      "train_samples": 12729
    },
    "LSTM": {
      "model_type": "LSTM",
      "mse": 0.0011310154804959893,
      "rmse": 0.033630573597486994,
      "mae": 0.016245590522885323,
      "num_epochs": 10,
      "train_samples": 12729
    },
    "PROPHET": {
      "model_type": "PROPHET",
      "mse": 1.5467572324314434e+16,
      "rmse": 124368695.11382048,
      "mae": 78978910.19655009,
      "train_samples": 12741
    }
  },
  "timestamp": "2025-12-18T09:34:40.539517"
}