{
  "model_type": "GRU",
  "mse": 0.0011252688709646463,
  "rmse": 0.03354502751473974,
  "mae": 0.016268732026219368,
  "num_epochs": 10,
  "train_samples": 12729
}