{
  "model_type": "LSTM",
  "mse": 0.0011305969674140215,
  "rmse": 0.0336243508102985,
  "mae": 0.01639281027019024,
  "num_epochs": 10,
  "train_samples": 12729
}