Type,Name,Request Count,Failure Count,Median Response Time,Average Response Time,Min Response Time,Max Response Time,Average Content Size,Requests/s,Failures/s,50%,66%,75%,80%,90%,95%,98%,99%,99.9%,99.99%,100%
GET,healthz,383,0,11000.0,11008.515971992094,1086.2535160013067,26492.72928999926,101.0,3.207877748047494,0.0,11000,13000,14000,16000,18000,20000,22000,23000,26000,26000,26000
GET,healthz-warm,1200,0,7000.0,11629.624764678209,3051.90035600026,38362.22670799907,101.0,10.05079189988771,0.0,7000,8000,19000,21000,27000,30000,35000,36000,38000,38000,38000
POST,predict,3300,0,12000.0,12050.311471764542,1634.1340870021668,33074.84550100344,353.51,27.6396777246912,0.0,12000,14000,16000,17000,19000,21000,24000,26000,32000,33000,33000
,Aggregated,4883,0,11000.0,11865.213842250627,1086.2535160013067,38362.22670799907,271.64980544747084,40.898347372626404,0.0,11000,14000,16000,17000,20000,24000,28000,32000,37000,38000,38000
