Type,Name,Request Count,Failure Count,Median Response Time,Average Response Time,Min Response Time,Max Response Time,Average Content Size,Requests/s,Failures/s,50%,66%,75%,80%,90%,95%,98%,99%,99.9%,99.99%,100%
GET,healthz,550,0,4700.0,4578.151336109084,3.1412419994012453,9441.644515001826,101.0,4.5369517187288935,0.0,4700,5200,5500,5800,6400,6900,7900,8600,9400,9400,9400
GET,healthz-warm,400,0,2800.0,2773.9399168250657,1764.0627830005542,3939.014382001915,101.0,3.29960124998465,0.0,2800,3100,3200,3300,3400,3500,3600,3900,3900,3900,3900
POST,predict,4260,0,5400.0,5263.859031402338,28.332792997389333,10809.960274000332,353.537323943662,35.14075331233652,0.0,5400,6000,6300,6500,7100,7600,8300,8700,11000,11000,11000
,Aggregated,5210,0,5200.0,5000.306847478688,3.1412419994012453,10809.960274000332,307.4892514395394,42.97730628105006,0.0,5200,5800,6100,6400,7000,7500,8200,8600,11000,11000,11000
