Type,Name,Request Count,Failure Count,Median Response Time,Average Response Time,Min Response Time,Max Response Time,Average Content Size,Requests/s,Failures/s,50%,66%,75%,80%,90%,95%,98%,99%,99.9%,99.99%,100%
GET,healthz,324,96,9100.0,6530.43853367903,1.325616001849994,13953.012580001086,102.77777777777777,2.69445519299514,0.7983570942207823,9100,9700,9900,10000,11000,11000,11000,12000,14000,14000,14000
GET,healthz-warm,400,0,3000.0,2913.7421372774406,493.88336099946173,4645.463797998673,101.0,3.3264878925865924,0.0,3000,3200,3400,3400,3700,3900,4400,4500,4600,4600,4600
POST,predict,2837,878,14000.0,9786.070538349693,1.2742519975290634,18896.90811699984,276.8674656327106,23.593115378170406,7.301640924227571,14000,15000,16000,16000,17000,17000,18000,18000,19000,19000,19000
,Aggregated,3561,974,10000.0,8717.899763302734,1.2742519975290634,18896.90811699984,241.27295703454087,29.61405846375214,8.099998018448353,10000,15000,15000,16000,16000,17000,18000,18000,19000,19000,19000
