replicas,user_count,max_user_count,target_user_count,ramp_duration_sec,approx_spawn_rate,spawn_rate_log,duration_sec,first_active_ts,last_active_ts,history_samples
1,200,200,200,1,200.0,,49,1761157384,1761157433,61
1,400,400,400,2,200.0,,108,1761158786,1761158894,121
1,800,1000,800,7,114.28571428571429,,190,1761164951,1761165141,241
2,200,200,200,2,100.0,40.0,112,1761674106,1761674218,121
2,400,400,400,4,100.0,60.0,108,1761674346,1761674454,121
2,800,800,800,7,114.28571428571429,80.0,107,1761674553,1761674660,121
4,200,200,200,2,100.0,40.0,108,1761675244,1761675352,121
4,400,400,400,4,100.0,60.0,108,1761675416,1761675524,121
4,800,1200,800,7,114.28571428571429,80.0,107,1761675840,1761675947,121
