Type,Name,Request Count,Failure Count,Median Response Time,Average Response Time,Min Response Time,Max Response Time,Average Content Size,Requests/s,Failures/s,50%,66%,75%,80%,90%,95%,98%,99%,99.9%,99.99%,100%
GET,healthz,530,0,1600.0,1594.852019086685,3.6018539976794273,3353.2976850001432,101.0,4.414272241378952,0.0,1600,1800,2000,2100,2400,2600,2900,2900,3400,3400,3400
GET,healthz-warm,200,0,1300.0,1240.5903537799531,390.0689490001241,1845.6295600008161,101.0,1.6657631099543215,0.0,1300,1500,1500,1600,1700,1800,1800,1800,1800,1800,1800
POST,predict,4325,0,2000.0,2046.4957288889836,25.28413399704732,4755.988304001221,353.5384971098266,36.0221272527622,0.0,2000,2300,2500,2600,2800,3100,3300,3500,4300,4800,4800
,Aggregated,5055,0,2000.0,1967.2569076788907,3.6018539976794273,4755.988304001221,317.06904055390703,42.102162604095476,0.0,2000,2200,2400,2500,2800,3000,3300,3500,4200,4800,4800
