Type,Name,Request Count,Failure Count,Median Response Time,Average Response Time,Min Response Time,Max Response Time,Average Content Size,Requests/s,Failures/s,50%,66%,75%,80%,90%,95%,98%,99%,99.9%,99.99%,100%
GET,healthz,351,99,9000.0,6973.285775911667,1.1893890005012508,13427.590935996705,102.6923076923077,2.9329627067953625,0.8272458916602305,9000,9300,9700,9900,11000,12000,13000,13000,13000,13000,13000
GET,healthz-warm,400,0,3200.0,3220.702697767465,1220.655667999381,5098.588968998229,101.0,3.3424076430716383,0.0,3200,3400,3600,3800,4100,4300,4600,4800,5100,5100,5100
POST,predict,2709,799,14000.0,10003.423782706912,1.0509640014788602,19220.831924998492,280.44407530454043,22.63645576270267,6.6764592670355976,14000,15000,15000,15000,16000,17000,18000,18000,19000,19000,19000
,Aggregated,3460,898,12000.0,8911.901564683527,1.0509640014788602,19220.831924998492,241.66705202312139,28.911826112569674,7.503705158695828,12000,14000,15000,15000,15000,16000,18000,18000,19000,19000,19000
