Type,Name,Request Count,Failure Count,Median Response Time,Average Response Time,Min Response Time,Max Response Time,Average Content Size,Requests/s,Failures/s,50%,66%,75%,80%,90%,95%,98%,99%,99.9%,99.99%,100%
GET,healthz,745,702,2400.0,4347.047669035476,1.1121160059701651,59722.76403498836,106.70335570469798,3.0849337062819497,2.906877129946213,2400,2900,3200,3500,4600,28000,54000,57000,60000,60000,60000
GET,healthz-warm,1000,359,57000.0,52055.53243544992,19322.615731012775,69916.8300429883,97.836,4.140850612458993,1.4865653698727785,57000,62000,64000,66000,67000,68000,69000,69000,70000,70000,70000
POST,predict,5963,5963,2200.0,4989.816033588795,1.0963109962176532,68540.52082399721,103.14019788696964,24.691892202092976,24.691892202092976,2200,2800,3200,3500,4600,38000,57000,60000,68000,69000,69000
,Aggregated,7708,7024,2500.0,11033.77736860033,1.0963109962176532,69916.8300429883,102.79644525168656,31.91767652083392,29.085334701911968,2500,3300,4000,5000,54000,62000,66000,68000,69000,70000,70000
