{
  "model_type": "GRU",
  "num_predictions": 38,
  "predictions": [
    139741612.48443294,
    189357038.026505,
    168046988.41294718,
    233780112.8224611,
    172659351.33325958,
    128161929.56582092,
    112627620.68503664,
    112867952.38207935,
    115847040.53505681,
    153543737.8915553
  ],
  "actuals": [
    218846128.0,
    168420776.0,
    291773672.0,
    158893776.0,
    83201432.0,
    78033672.0,
    96701288.00000001,
    110682512.0,
    183248191.0,
    362346304.0
  ],
  "metrics": {
    "mse": 9681839641067654.0,
    "rmse": 98396339.5714884,
    "mae": 77526312.75692838
  }
}